Iu,male
Jian,male
Bin,male
Tao,male
Peng,male
Hao,male
PhD,None
Qiang,male
Chao,male
Frédéric,maleFrançoise,female
Stéphane,male
Gang,male
Fei,male
Bing,female
Jean-Claude,male
Prof.,None
Ning,female
Jean-Paul,male
Hélène,femaleJean-François,male
Jürgen,male
Luiz,male
Gérard,male
Jean-Louis,male
Véronique,female
Björn,male
Zheng,male
Jean-Luc,male
Jean-Michel,maleShawn,male
Jean-Marc,male
Xu,male
Sébastien,male
Xi,male
Kun,male
Hervé,male
Cécile,female
Jörg,male
Fan,femaleCéline,female
Ramón,male
Søren,male
Jeong,female
Jérôme,male
Jean-Philippe,male
Meng,male
Ray,male
Sunil,male
László,maleXing,female
Stéphanie,female
Göran,male
Małgorzata,female
Benoît,None
Ke,male
Andrés,male
Michèle,female
Reza,male
Won,maleSandeep,male
Jean-Yves,male
Jackie,female
Mónica,female
Luís,None
Israel,male
Georgia,female
Jean-Jacques,male
Jean-Christophe,male
Víctor,maleAurélie,female
Gábor,male
Byung,male
Krishna,male
Günter,male
Jiri,male
Jørgen,male
Jean-Francois,male
Zhong,male
Patrícia,femaleSeong,male
Kang,male
Maxime,male
Marie-Christine,female
Tong,male
Malgorzata,female
Piet,male
Zhe,male
Laszlo,male
Zoltán,maleIstván,male
Péter,None
Raúl,male
Joaquín,male
Yoon,female
Xiaoyan,female
Huan,female
Guenter,male
Béatrice,female
Agnès,femaleXiaodong,male
Raj,male
Nguyen,male
MPH,None
Paweł,male
Tian,male
György,male
Héctor,male
Kohichi,None
Sérgio,maleCésar,male
Kwang,female
Fábio,male
Alireza,male
Ch.,None
Seishi,None
Zhao,male
Qiong,male
Liping,female
Shuai,femaleRuediger,male
Ju,female
Pradeep,male
Guenther,male
Antônio,None
András,male
Mélanie,female
Tamás,male
Woo,male
Heng,maleTaihei,None
Norimitsu,None
Chihiro,female
Joon,male
Pat,female
Hyung,male
Haiyan,female
Ya,female
Yuanyuan,female
Jean-Baptiste,maleChuan,female
Michimasa,None
Cédric,male
Håkan,None
Verónica,female
Gerry,male
Bjoern,male
János,male
Liu,male
Shi,maleXun,male
BIN,male
Qun,female
Tomohide,male
Zhang,male
Lijun,male
Kiran,female
Xiaoming,female
Tatsuro,None
Bjørn,maleJ-P,male
Itaru,None
Ángel,None
Herve,male
Jean-Charles,male
Miao,female
Xiaohong,female
Jérome,male
António,None
Constantinos,maleJianhua,None
Se,female
Lihua,None
Zhigang,male
Haruka,female
You,male
Kh,male
J-M,male
Da,male
Nitin,maleGünther,male
Marie-Claude,female
Xian,male
Joël,male
Vladimír,None
Päivi,female
Hiroyoshi,None
France,female
Frédérique,female
Guo,maleShuo,male
Seok,male
Cláudia,None
Ch,female
Toby,male
Raphaël,male
Hongwei,male
PENG,male
Agustín,male
Phillipe,maleJianming,None
Mohd,male
Xiaoli,female
Jianjun,None
Rocío,female
Kyoung,female
Zhiqiang,male
Weiwei,female
Tingting,female
Vishal,maleMarie-Pierre,female
József,male
Si,female
Rubén,male
Pierre-Yves,male
Concepción,None
Anne-Sophie,female
Loïc,male
Charlie,male
Thiago,maleZhiyong,male
Th.,None
Xiaohui,female
Ge,male
Gaëlle,female
Jirí,None
Martín,None
Do,male
Joao,male
Jingjing,femaleMiklós,None
Fumitaka,None
Begoña,female
Deniz,female
Jianping,female
Zhuo,female
Félix,male
Rémi,male
J.M.,male
Bénédicte,femaleXiaojun,female
Xiaoping,None
Takamitsu,None
Rémy,male
Miyabi,female
Márcia,female
Zhou,male
Balázs,male
Gill,female
Álvaro,maleSanae,female
Nicolás,None
Xiaofeng,male
Jinhua,None
Xiaowei,male
Biao,male
Lijuan,None
Marie-Laure,female
TSUNEYUKI,None
Mário,maleTADAKATSU,None
Joern,male
Kyu,male
PD,female
Jarosław,male
Sakae,male
Shinjiro,None
Zhiwei,male
Rüdiger,male
Fréderic,maleSándor,male
Danièle,None
Weimin,male
Hagemi,None
Haifeng,None
Liming,female
Munetaka,None
Tadatoshi,None
Kazuichi,None
Marie-France,femaleRégis,male
Frederique,female
Pengfei,male
Belén,female
Amélie,female
Weidong,male
Stanisław,male
Norihiko,male
Xiaoling,female
Ravinder,maleDing,female
Hans-Ulrich,male
J-L,male
Anne-Laure,female
Christie,female
Younosuke,None
Ozlem,female
Sawori,None
Hauke,male
Gérald,maleGéraldine,female
Xiaolin,female
Haitao,male
Bei,female
Dongmei,female
Núria,female
HAO,male
Cyrille,male
Séverine,female
Jianfeng,NoneKosei,None
Toshihisa,None
Chunyan,female
Elżbieta,None
Jaroslaw,male
Wenjun,female
Yoshitsugu,None
Iván,None
Xiaoyu,female
Cristiane,femaleNorikazu,male
Frantisek,male
Koh,male
Zhihong,None
Wu,male
Yiping,female
Flávia,None
Marie-Paule,female
Clément,male
Wing,femaleWen-Jun,None
Ayse,female
Jianrong,None
Venkata,male
J-F,male
Xuemei,female
Sh,male
Cheol,None
Hans-Jürgen,male
Soichi,maleZhu,male
Dandan,male
Juerg,male
Tsukino,None
Vassilis,male
Taishi,None
Xiaojing,None
Tsugihisa,None
Yoshinao,None
Jianguo,NoneJulián,male
Ryuta,male
Bulent,male
Shanshan,female
Sebastián,None
Dawei,male
Lihong,None
Hongmei,None
Marie-Hélène,female
Milos,maleZhenyu,male
Béla,male
Yiming,male
Joop,male
Qinghua,None
Hongbo,None
Shouu,None
Márcio,male
Xiaohua,female
Weihua,maleTAO,male
Limin,female
Hongyu,male
Cláudio,male
Keietsu,None
Th,None
Xuefeng,None
Masatsugu,None
Jianmin,female
Hidenobu,NoneGANG,male
Yufeng,None
Jorgen,male
Byoung,male
Kui,female
Siddhartha,male
Bárbara,female
Lixin,None
Ko,male
Hidemi,femaleZhaohui,None
Hiromu,None
Ph.,None
Wenjing,female
Srinivasan,male
Xiao-yan,None
Jian-Ping,None
Miklos,male
Xiao-feng,None
Yingying,femaleZh,female
Sílvia,None
Yongping,None
Xiong,female
Xudong,None
Yangjian,None
Yeon,female
Pål,male
Károly,male
Xiaomei,femaleHans-Juergen,male
Dusan,male
Huseyin,male
Yanyan,female
Junjie,male
Val,female
De,male
Jörgen,male
Hongyan,female
Hongliang,femaleM-C,None
Takaki,male
Shamima,female
Xiaoqing,male
Rogério,None
Mária,female
Chee,male
Lingling,female
Jörn,male
Júlia,femaleXiaoying,female
Jian-hua,None
Marie-Claire,female
Inés,female
Chiharu,female
Éva,None
Jee,male
Xiaojuan,female
Shiuan-Chih,None
Zhiyuan,maleJin-ting,None
Junfeng,None
Kiyokazu,None
Yuhong,female
Yulin,female
Zhihua,None
Sandip,male
Wei-Dong,None
Róbert,male
Li-Ping,NoneJue,female
Soumya,female
Anirban,male
Haibo,male
Germán,None
Anup,male
Valéria,female
Sumito,None
Atsuhiro,None
Kiyofumi,NoneYanli,None
Hernán,None
Koutaro,None
JIAN,male
Kwok,male
Hideoki,None
Sławomir,male
Himanshu,male
Pierre-Marie,male
Ph,maleVitor,male
Inês,female
Xuejun,None
Natsuki,female
H-J,None
Iqbal,male
Lluís,male
Teruhiko,None
Wenjie,male
Aurélien,maleJitender,male
Hidehiro,None
Zhenhua,male
Guodong,male
Yanan,male
Loic,male
Adrián,None
Hagop,male
Xiaolong,female
Yuxin,femaleR.J.,male
Feifei,female
Wenhui,None
Yoh,male
Ján,male
Maurício,None
Jørn,male
Jozsef,male
QIANG,male
Weihong,NoneVáclav,male
Fátima,female
Yali,female
Jianwei,female
Pál,male
Ting-Ting,female
Shrawan,male
Flávio,male
Wenbo,male
Yanhua,NoneXiao-dong,None
Xiao-Jun,None
Shunya,male
Débora,female
Teruki,male
Grégoire,male
Masumichi,None
NING,female
Guo-Qiang,None
Łukasz,maleTakaomi,None
Jianbo,male
Zhijun,None
Teng,female
Tamao,None
Alaa,male
Mandeep,male
Linlin,female
Józef,male
Xiaofei,NoneMutsuumi,None
Dongsheng,None
Jürg,male
A-M,None
Takeharu,None
Kunihisa,None
Yong-Ping,None
Pradip,male
Ramachandran,male
Xinyu,maleWeiping,female
Guiseppe,male
Xiaoxia,None
Yongjun,None
Syuji,male
Souta,None
Ping-Ping,None
Xiaomin,female
Yimin,female
Hongjun,maleKimiteru,None
R.M.,male
Lifeng,female
Célia,female
Jérémie,male
Bülent,male
Zdeněk,male
Cui,female
Magdi,male
Nobuya,NoneIldikó,female
Huimin,female
Il,male
Hideharu,male
Zhiping,None
Xiao-Ping,None
Omid,male
Jian-Hua,None
Ales,male
Ph.D.,NoneXiaobo,None
Yifan,female
Yufang,None
Åke,male
Guohua,None
Fuminori,None
Xiao-Ming,None
Surinder,male
CHAO,male
Haiying,maleYuh,male
Zhiguo,None
Fu,male
Eike,male
Siti,female
Yi-ping,None
Torbjörn,male
Wenbin,None
Mingming,male
Ya-Jung,NonePo,male
Clémence,female
Shigetoshi,None
Akito,male
Ozgur,male
Sandor,male
Yuhua,None
Xiaoyun,male
Jian-Guo,None
Hongxia,NoneMickaël,male
Toshitaka,male
Pinar,female
Keun,male
Wiesław,male
Jimei,female
Lingyun,None
Norimoto,None
Tak,male
Xiaogang,NoneTsubasa,female
Li-Ming,male
Wei-Wei,None
Susanta,None
Shori,None
Jean-Bernard,male
Tânia,None
Jia-hui,None
A.M.,female
Xinhua,NoneGrégory,male
Hairong,male
Jang,female
Pär,male
Xiaolei,female
Xiaofang,male
Yanping,female
Chang-Chun,None
Przemysław,male
Ayşe,femaleChunying,female
Masaoki,None
Anurag,male
Huang,female
M.J.,female
Qingyu,None
Yanjun,female
Hongtao,male
Hyeon,male
Yasnory,NoneSunjai,None
Tushar,male
Zhen-Bin,None
Kenshi,male
František,male
Wenjuan,female
Gokhan,male
Zhimin,female
Hak,male
Goutam,maleHüseyin,male
Kyeong,male
Óscar,None
Hyoung,None
FEI,male
Yujie,female
Shao,male
Yunfeng,None
Marie-Françoise,female
Xiaoyi,femaleSantanu,male
Ryuichiro,male
Kiichiro,None
Xiao-Dong,None
Yaping,None
Grażyna,None
Angélica,female
Asashi,None
Jinsong,None
Yukitaka,NoneQiu,female
Qianqian,female
Debabrata,male
Chunhua,None
Jingbo,None
Jiong,male
Sanjoy,male
Koujun,None
Natália,female
Jinghua,femaleSoeren,male
Srikanth,male
Åsa,female
Jayanta,male
Narinder,male
Lou,female
Hongbin,None
Jérémy,male
Yingming,None
Yanling,femaleYonghong,None
Naoshi,male
J.J.,male
Li-Jun,None
Saroj,male
Matheus,male
Xiangdong,None
Kimitaka,None
Yijun,male
Zhijian,maleGuoqiang,male
Mirosław,male
Mo,male
Letícia,female
Wieslaw,male
Zhihui,male
Lívia,female
Nima,male
S.M.,male
Vaclav,NoneYanhong,female
Zhibin,male
Munendra,None
Sofía,female
Liying,female
Mel,female
Derya,female
Li-Juan,None
Pu,female
Takato,NonePawan,male
Jianqiang,None
Motomu,None
Guoliang,None
Jian-Jun,None
MENG,male
BING,female
Eiki,None
C.A.,male
Pierre-Jean,maleWentao,male
Katsuji,male
Yuping,male
Sunao,None
Yongsheng,None
J.E.,male
Heleen,female
KOHKI,None
Kee,male
Xiaodan,femaleYu-Ting,male
Hyuk,male
Jian-ping,None
Lixia,female
Friedrich-Wilhelm,None
Fangfang,female
C-H,female
Myoung,female
Haijun,None
Mercè,femaleG.J.,None
Kiyohide,None
Tin,male
Hansjoerg,None
Makio,None
Siew,female
FACS,None
Mônica,female
Marc-André,male
Aihua,NoneMarie-Thérèse,female
Ni,female
Xiaobin,None
Ashwani,male
Jiawei,female
Doo,male
Ugur,female
Shi-Ping,None
Gösta,male
Weiming,NoneZhi-Hong,None
Xiang-Yang,None
Xinying,female
Lúcia,None
Lieve,female
MICHITAKA,None
Qingqing,None
Gong,male
Hoon,male
Hideya,maleXiaobing,male
Yuan-yuan,None
Bingbing,female
Atsuhiko,None
Xiao-ming,None
Umit,female
Geng,female
Wenhua,female
Arnab,male
Anoop,maleToshimi,None
Kannan,male
Harpreet,female
Chunmei,female
Xiao-Feng,None
Kennichi,None
Yongmei,None
Slawomir,male
Jihong,male
Gao,femaleWeizhou,None
Yulong,male
Ya-Ping,None
Gaku,male
Sundeep,male
Etsuro,None
D.M.,female
Miroslaw,male
Haiping,None
Désirée,femaleXiaopeng,male
Jinfeng,female
Akos,male
Akihide,None
Hans-Christian,male
Jean-Daniel,male
Yoo,female
Yonghua,None
Jianhui,female
Yuqing,femalePingping,female
Xiao-Guang,None
Yonggang,male
D.A.,male
KOH-KITI,None
Thérèse,female
Hongjie,None
Yuan-Yuan,None
Zhanjun,None
Noemí,femaleLiwei,male
Xiao-li,None
Xiapoing,None
Liqun,None
Ondřej,male
J.P.,male
Weijun,male
Beom,None
Hailong,None
Yadong,NoneSomchai,male
Wensheng,None
Abdulrahman,male
Gökhan,male
Aysegul,female
J.R.,male
Marie-Josée,female
Sören,male
J-Y,male
Pengcheng,maleSeon,male
Xiaowen,female
Azadeh,female
Xiao-jun,None
Jianxin,None
Tatsuaki,None
José-Luis,None
Shujun,None
Teruyuki,None
Pierre-Emmanuel,maleWenli,female
Anupma,female
Meritxell,female
Jian-min,None
Xiaoqin,None
Abdulaziz,male
Guoqing,None
Wei-ping,female
Jerôme,None
Ágnes,NoneChun-Hua,None
Zhiming,None
Huijun,female
Shusuke,None
Guangming,None
Tomoyoshi,None
S-H,None
Anna-Karin,female
Myeong,None
Shuntaro,NoneYiannis,male
Yuying,female
Zhi-Gang,None
M-L,female
Jiajia,female
Yingjie,None
Shoudong,None
Ji-Young,None
Jianlin,male
Zhi-Min,NoneHidekatsu,None
Xiaoguang,male
J.L.,male
Yuting,female
Mikihiro,None
Ehab,male
Natasa,female
XIUMEI,female
Hongjuan,None
Yan-Dan,NoneJoong,None
Atsuyuki,None
Yixin,male
Xinxin,female
Tomoichiro,None
Tomoharu,None
Jean-Noël,male
Huiying,female
Tomofumi,None
Jingwen,femaleParag,male
Yi-Ming,None
Robson,male
Hongzhi,None
Shigeharu,None
Hélio,None
Shengli,None
Xiaoxiao,male
Yutaro,male
Weili,maleYumei,None
Douwe,male
Tetsuhisa,None
Professor,None
Weiguo,male
Jing-Jing,None
Xueping,male
Shuping,female
Jin-Song,None
Irène,femaleRajneesh,male
Morito,female
Wenlong,male
Nagahisa,None
J.W.,male
JANNETT,female
R.C.,male
Rajinder,male
Li-Xin,None
Jinbo,NoneJianHua,None
Shijie,None
Hong-Wei,None
Hwan,None
Li-Hua,female
Panayotis,male
Xiaochun,None
Iñigo,male
Júlio,None
Goetz,NoneMu,female
S.L.,None
Shunsaku,male
Xiao-Hong,None
Naohide,None
Magdy,male
Xiaoyang,None
Dapeng,None
Wlodzimierz,male
Guojun,NoneJ.S.,male
Kamlesh,male
Rao,male
Zhipeng,None
Libin,male
JingJing,female
Yanhui,None
Hisataka,None
Xiaoyuan,None
Mitsutaka,None